implementation,condition,marginal,correlation,tstr_auc,mia_auc,attribute_inference_auc,nndr,km_l1,cox_spearman,constraint_violation_rate,composition_gap_ratio
dpmm,adapted,0.5842808188090051,-0.2571428571428572,0.4804804804804804,0.6507561436672967,0.5065856129685917,,0.2298811661905225,0.14285714285714288,0.0,
dpmm,raw,0.5256142580488985,-0.028571428571428574,0.5135135135135136,0.4905482041587902,0.46327254305977705,,0.06813006416400234,-0.19999999999999998,0.0,
synthcity,adapted,0.24596420358266766,0.6,0.6936936936936937,0.6370510396975425,0.5843465045592705,,0.08541579735483618,-0.8214285714285715,0.0,
synthcity,raw,0.24659207818930037,-0.4285714285714286,0.6246246246246246,0.6767485822306237,0.5932117527862208,,0.06126878102611035,-0.7500000000000002,0.0,
